{"vehicle": [{"y": -167.18634033203125, "x": 241.27291870117188, "yaw": -106.70211791992188, "z": -0.047374267131090164}]}