{"vehicle": [{"y": 0.36236605048179626, "x": -101.22677612304688, "yaw": 0.2758083939552307, "z": -0.01373649574816227}]}