{"vehicle": [{"y": 135.03775024414062, "x": -47.31770324707031, "yaw": -1.2850950956344604, "z": 0.03873512148857117}]}