{"vehicle": [{"y": -100.48588562011719, "x": 84.0169677734375, "yaw": -87.96184539794922, "z": 7.987436771392822}]}